lmbda,num_pixels,bits,bpp,psnr,time(enc),time(dec)
0.0067,393216,214531.3333,0.545541667,28.94563444,3.375291667,3.396333333
0.013,393216,335709.3333,0.853541667,30.60880032,3.320875,3.527083333
0.025,393216,465146,1.182625,31.9833335,4.573666667,4.558875
0.0483,393216,829721,2.109875,33.16449435,6.657791667,6.844083333
