lmbda,num_pixels,bits,bpp,psnr,time(enc),time(dec)
0.0067,393216,109462,0.278833333,28.71093194,0.305291667,0.32475
0.013,393216,164219,0.418083333,30.14008529,0.377416667,0.386791667
0.025,393216,255458,0.650125,31.84870812,0.383416667,0.357583333
0.0483,393216,364205.3333,0.92675,33.66270232,0.230708333,0.234291667
